{
    "loss": 0.5578164458274841, 
    "accuracy": 0.7647058823529411
}