{
    "loss": 0.5565775632858276, 
    "accuracy": 0.7058823529411765
}