{
    "loss": 0.613953709602356, 
    "accuracy": 0.7647058823529411
}